{"_id":"41bjXYbPg","name":"实验室","comment":"实验室","date":{"$date":"2016-01-03T03:24:48.400Z"},"isDefault":false,"detailName":"detail","cateName":"contentList","forder":"2-stage-1","__v":0}
{"_id":"EJ6Vk91we","name":"默认模板","date":{"$date":"2016-01-01T15:49:48.410Z"},"isDefault":true,"detailName":"detail","cateName":"contentList","forder":"2-stage-default","__v":0}
{"_id":"EJh-nq2vx","name":"whousing","comment":"whousing","date":{"$date":"2016-01-11T13:23:55.280Z"},"isDefault":false,"detailName":"detail","cateName":"contentList","forder":"1-stage-1","__v":0}
{"_id":"N1JIyGBne","name":"默认模板","date":{"$date":"2016-03-06T12:18:54.563Z"},"isDefault":true,"detailName":"detail","cateName":"contentList","forder":"2-stage-default","__v":0}
{"_id":"Ny7wO-Vwe","name":"默认模板","date":{"$date":"2016-01-05T01:15:46.178Z"},"isDefault":true,"detailName":"detail","cateName":"contentList","forder":"2-stage-default","__v":0}
{"_id":"Vk3i7Y-Dx","name":"关于我","comment":"关于我","date":{"$date":"2016-01-03T03:24:59.976Z"},"isDefault":false,"detailName":"detail","cateName":"contentList","forder":"1-stage-default","__v":0}
{"_id":"SJOpYop6f","name":"案例展示","date":{"$date":"2018-05-07T10:26:07.581Z"},"isDefault":false,"detailName":"detail","cateName":"contentList","forder":"1-stage-default","__v":0}
